{
  "accuracy": 0.9953933380581148,
  "precision": 0.9962036915826679,
  "recall": 0.9919186652763295,
  "f1": 0.9940565606426752,
  "auc_roc": 0.9998161783426738,
  "threshold": 0.7656164169311523
}