{
  "features": [
    "flow_duration",
    "total_fwd_packets",
    "total_bwd_packets",
    "total_fwd_bytes",
    "total_bwd_bytes",
    "fwd_pkt_len_mean",
    "fwd_pkt_len_std",
    "bwd_pkt_len_mean",
    "bwd_pkt_len_std",
    "flow_iat_mean",
    "flow_iat_std",
    "fwd_iat_mean",
    "bwd_iat_mean",
    "bytes_per_second",
    "packets_per_second",
    "protocol_num",
    "src_port",
    "dst_port",
    "tcp_state",
    "fwd_pkt_len_min",
    "fwd_pkt_len_max",
    "bwd_pkt_len_min",
    "bwd_pkt_len_max",
    "flow_bytes_per_sec",
    "flow_pkts_per_sec",
    "flow_iat_min",
    "flow_iat_max",
    "fwd_iat_std",
    "fwd_iat_min",
    "fwd_iat_max",
    "bwd_iat_std",
    "bwd_iat_min",
    "bwd_iat_max",
    "fwd_header_length",
    "bwd_header_length",
    "flag_fin",
    "flag_syn",
    "flag_rst",
    "flag_psh",
    "flag_ack",
    "protocol",
    "flow_active_time",
    "bytes_per_sec_window",
    "pkts_per_sec_window",
    "periodicity_score",
    "burst_rate"
  ],
  "mean": [
    48.73519674465206,
    85.324,
    17.49,
    30411.33,
    3842.152,
    160.02817167663574,
    89.8443587577343,
    197.00896006774903,
    97.76528634548187,
    0.668831831032614,
    1.3299289633165026,
    1.2842694719424472,
    1.0636877357299381,
    0.0,
    0.0,
    0.0,
    26109.024,
    19733.714,
    0.0,
    78.87,
    305.7,
    106.586,
    351.344,
    4071084.230104618,
    62668.28039304096,
    0.03620933151245117,
    4.498546383857727,
    1.5474151706107204,
    0.2563458766937256,
    4.444419679641723,
    1.4991101009001722,
    0.014785953044891357,
    3.941188015460968,
    20.0,
    20.0,
    0.0,
    0.0,
    0.0,
    0.0,
    0.0,
    12.348,
    48.73519674465206,
    4071084.230104618,
    62668.28039304096,
    0.0,
    0.0
  ],
  "scale": [
    69.38090282212666,
    953.1024955501848,
    125.92026802703334,
    365560.4392927615,
    25502.219118596226,
    190.7809681350031,
    184.05066635994314,
    194.067399925277,
    194.08100083986662,
    1.9422390023553253,
    4.620236827818814,
    3.8119404426480252,
    3.3331483995370834,
    1.0,
    1.0,
    1.0,
    24327.114002105198,
    25369.39908953712,
    1.0,
    83.75352589592862,
    458.9649594467974,
    83.10794549259404,
    466.65132343538903,
    17604719.712349426,
    255098.7539886979,
    0.31190576480821414,
    18.24987365083007,
    6.046377276756468,
    2.2405210835510654,
    18.265954180438314,
    6.214220629023904,
    0.04817581863212125,
    17.972830780953092,
    1.0,
    1.0,
    1.0,
    1.0,
    1.0,
    1.0,
    1.0,
    5.448935308847044,
    69.38090282212666,
    17604719.712349426,
    255098.7539886979,
    1.0,
    1.0
  ],
  "note": "StandardScaler fitted on 500 live NonIoT flow feature vectors (raw, before any normalisation) by LiveScalerCalibrator. This file takes precedence over noniot_scaler.json when present."
}