{
  "features": [
    "flow_duration",
    "total_fwd_packets",
    "total_bwd_packets",
    "total_fwd_bytes",
    "total_bwd_bytes",
    "fwd_pkt_len_min",
    "fwd_pkt_len_max",
    "fwd_pkt_len_mean",
    "fwd_pkt_len_std",
    "bwd_pkt_len_min",
    "bwd_pkt_len_max",
    "bwd_pkt_len_mean",
    "bwd_pkt_len_std",
    "flow_bytes_per_sec",
    "flow_pkts_per_sec",
    "flow_iat_mean",
    "flow_iat_std",
    "flow_iat_min",
    "flow_iat_max",
    "fwd_iat_mean",
    "fwd_iat_std",
    "fwd_iat_min",
    "fwd_iat_max",
    "bwd_iat_mean",
    "bwd_iat_std",
    "bwd_iat_min",
    "bwd_iat_max",
    "fwd_header_length",
    "bwd_header_length",
    "flag_FIN",
    "flag_SYN",
    "flag_RST",
    "flag_PSH",
    "flag_ACK",
    "protocol",
    "src_port",
    "dst_port",
    "flow_active_time",
    "flow_idle_time",
    "bytes_per_sec_window",
    "pkts_per_sec_window",
    "periodicity_score",
    "burst_rate",
    "ttl_mean",
    "dns_query_count",
    "payload_bytes_mean",
    "payload_bytes_std",
    "payload_zero_ratio",
    "payload_entropy"
  ],
  "data_min": [
    0.0,
    0.0,
    0.0,
    0.0,
    0.0,
    0.0,
    0.0,
    0.0,
    0.0,
    0.0,
    0.0,
    0.0,
    0.0,
    0.0,
    0.0,
    0.0,
    0.0,
    0.0,
    0.0,
    0.0,
    0.0,
    0.0,
    0.0,
    0.0,
    0.0,
    0.0,
    0.0,
    0.0,
    0.0,
    0.0,
    0.0,
    0.0,
    0.0,
    0.0,
    0.0,
    0.0,
    0.0,
    0.0,
    0.0,
    0.0,
    0.0,
    0.0,
    0.0,
    0.0,
    0.0,
    0.0,
    0.0,
    0.0,
    0.0
  ],
  "data_max": [
    120000000.0,
    117926.0,
    117927.0,
    138738576.0,
    274373824.0,
    3028.0,
    3028.0,
    3028.0,
    1032.3758544921875,
    2892.842041015625,
    2892.842041015625,
    2892.842041015625,
    1032.3758544921875,
    480000000.0,
    3000000.0,
    120000000.0,
    84500000.0,
    120000000.0,
    120000000.0,
    120000000.0,
    84700000.0,
    120000000.0,
    120000000.0,
    120000000.0,
    84800000.0,
    120000000.0,
    120000000.0,
    4717040.0,
    4717080.0,
    1.0,
    1.0,
    1.0,
    1.0,
    1.0,
    17.0,
    65535.0,
    65535.0,
    111000000.0,
    120000000.0,
    100000000.0,
    500000.0,
    250000.0,
    500000.0,
    0.0,
    0.0,
    0.0,
    0.0,
    0.0,
    0.0
  ]
}