{
  "features": [
    "flow_duration",
    "total_fwd_packets",
    "total_bwd_packets",
    "total_fwd_bytes",
    "total_bwd_bytes",
    "fwd_pkt_len_mean",
    "fwd_pkt_len_std",
    "bwd_pkt_len_mean",
    "bwd_pkt_len_std",
    "flow_iat_mean",
    "flow_iat_std",
    "fwd_iat_mean",
    "bwd_iat_mean",
    "bytes_per_second",
    "packets_per_second",
    "protocol_num",
    "src_port",
    "dst_port",
    "tcp_state",
    "fwd_pkt_len_min",
    "fwd_pkt_len_max",
    "bwd_pkt_len_min",
    "bwd_pkt_len_max",
    "flow_bytes_per_sec",
    "flow_pkts_per_sec",
    "flow_iat_min",
    "flow_iat_max",
    "fwd_iat_std",
    "fwd_iat_min",
    "fwd_iat_max",
    "bwd_iat_std",
    "bwd_iat_min",
    "bwd_iat_max",
    "fwd_header_length",
    "bwd_header_length",
    "flag_fin",
    "flag_syn",
    "flag_rst",
    "flag_psh",
    "flag_ack",
    "protocol",
    "flow_active_time",
    "bytes_per_sec_window",
    "pkts_per_sec_window",
    "periodicity_score",
    "burst_rate"
  ],
  "mean": [
    30.75288232752973,
    4.830690962805159,
    5.080886569427292,
    894.71252416477,
    3268.94884375606,
    94.79103345886247,
    16.430752145813802,
    178.1064360443251,
    41.679325710769746,
    0.21897260709130825,
    0.44726341614219306,
    0.5132714879661402,
    0.5500016281874592,
    225427.32124830707,
    1387.214581552597,
    7.747976584703231,
    31614.831123342276,
    908.0978485873903,
    0.3686350448199362,
    7.433445572610523,
    60.51787617102652,
    19.429530033207858,
    142.01762271087082,
    15295417071.105463,
    221300430.42356375,
    0.0034650129784391023,
    1.3066528336123415,
    0.35315396317570846,
    0.28335004454063956,
    1.2968140631268126,
    0.3476713629769746,
    0.30932300679107294,
    1.2857843502144106,
    77.97497951764637,
    80.16478668197006,
    0.08166868783965217,
    0.09090731955348005,
    0.024134382796864227,
    0.358029685726931,
    1.4768468216861501,
    3.460624240900314,
    4.227325321213976,
    15295417071.105463,
    221300430.42356375,
    54627.97697856465,
    221300430.42356375
  ],
  "scale": [
    209.62238061617717,
    21.928116882299374,
    26.372091896447618,
    5215.882856831334,
    30781.333437378573,
    227.29749000462814,
    91.059779892852,
    237.87757940604777,
    167.33589235141238,
    1.7016352887145152,
    3.0867798283225123,
    4.733244732424324,
    4.783494314462205,
    431407.78582481714,
    2647.435852061392,
    7.164919827075497,
    23407.96415282837,
    6055.627513520174,
    1.42113761818144,
    16.96909602990264,
    290.339261495921,
    48.58145100315898,
    520.320485669564,
    70958795406.88625,
    966628279.883209,
    0.02353586134838463,
    7.929901275300178,
    2.0178841611530776,
    4.423567864270843,
    7.941400305402867,
    2.1627713588446813,
    4.443892452194125,
    7.880792450269126,
    338.489796506543,
    427.86097079071016,
    0.2892908292584961,
    0.31787767143606616,
    0.20334696811157862,
    1.8220218401651034,
    8.148859695108472,
    6.4238776463739935,
    22.130788098258634,
    70958795406.88625,
    966628279.883209,
    227117.0117473802,
    966628279.883209
  ],
  "note": "StandardScaler fitted on RAW stage2_noniot_botnet.csv. Apply to RAW live traffic features to reproduce training scale. scaled = (raw - mean) / scale"
}